-- cities

INSERT INTO cities(`name`) VALUES ("Minsk");
INSERT INTO cities(`name`) VALUES ("Moskow");
INSERT INTO cities(`name`) VALUES ("Kiev");
INSERT INTO cities(`name`) VALUES ("Warsaw");
INSERT INTO cities(`name`) VALUES ("London");
INSERT INTO cities(`name`) VALUES ("Vilnius");
INSERT INTO cities(`name`) VALUES ("Riga");
INSERT INTO cities(`name`) VALUES ("Paris");

-- flight


INSERT INTO flight(name, arrival_ID, max_lagage_count, flight_time, departure_ID) VALUES ("KP-178",3,2,'4:00:00',8);
INSERT INTO flight(name, arrival_ID, max_lagage_count, flight_time, departure_ID) VALUES ("MM-261",2,4,'1:20:00',1);
INSERT INTO flight(name, arrival_ID, max_lagage_count, flight_time, departure_ID) VALUES ("WV-2056",4,1,'2:35:00',6);
INSERT INTO flight(name, arrival_ID, max_lagage_count, flight_time, departure_ID) VALUES ("RL-9812",7,2,'3:38:00',5);

-- current_flight
INSERT INTO current_flight(flight_ID,ticket_cost,date,lagage_cost) VALUES(1,600,"2016-12-31 11:30:00",10);
INSERT INTO current_flight(flight_ID,ticket_cost,date,lagage_cost) VALUES(1,400,"2017-01-01 00:30:00",10);
INSERT INTO current_flight(flight_ID,ticket_cost,date,lagage_cost) VALUES(3,500,"2017-01-12 09:40:00",5);
INSERT INTO current_flight(flight_ID,ticket_cost,date,lagage_cost) VALUES(4,500,"2017-01-5 11:30:00",8);
-- users
INSERT INTO users(`login`,`password`,email,ID) VALUES ("Kurt_Adams74","P3qxfSAlxlaKJbs","VUBVjB51HoyIFjD",1);
INSERT INTO users(`login`,`password`,email,ID) VALUES ("Demario94","XapRcH0vQN3nuzi","qXbUufZ7vjAo36f",2);
INSERT INTO users(`login`,`password`,email,ID) VALUES ("Aric.Strosin","7nmdXDHXt5plQSf","7EPNaRIjx17b7A6",3);
INSERT INTO users(`login`,`password`,email,ID) VALUES ("Adela_Jerde","H_VyXQR0PiMq6rY","Nr2Nyvr6XuPaZpj",4);
INSERT INTO users(`login`,`password`,email,ID) VALUES ("Freeda60","PgxINWk001za7WO","v6_Dm7Zuwq7REfD",5);
INSERT INTO users(`login`,`password`,email,ID) VALUES ("Jevon_Kunze","OBTAYYO2vk3F_ip","R4o_f9LNdBwXak6",6);
INSERT INTO users(`login`,`password`,email,ID) VALUES ("Simone_Gleichner12","Yt6RGOr7_2NC8UO","WqNiBzx1bIKZnEY",7);
INSERT INTO users(`login`,`password`,email,ID) VALUES ("Misty43","L4FTYfZkQmL2jcf","_zpcCikFrv2ncPM",8);
INSERT INTO users(`login`,`password`,email,ID) VALUES ("Adell.Kutch84","oD8RYgdi8fBazkt","xSQ6BqIcLpcm0Om",9);
INSERT INTO users(`login`,`password`,email,ID) VALUES ("Stephan30","oiQtLaktnL4tkKt","cmGB2jcxqT7idDE",10);
INSERT INTO users(`login`,`password`,email,ID) VALUES ("Alvis3","125WdsV4Z2ubNor","WWS3vLoDKpIMgOi",11);
INSERT INTO users(`login`,`password`,email,ID) VALUES ("Mathias27","weKnspm7PSpWkCg","WdoveuejEavgQ_v",12);
INSERT INTO users(`login`,`password`,email,ID) VALUES ("Aliyah.Greenfelder","tA1elH2nbWWBGRx","3Bq5XatjcZcBMZM",13);
INSERT INTO users(`login`,`password`,email,ID) VALUES ("Lucienne96","OFCTfdHdgGmAk6Z","sznD9zGDWM7orA0",14);
INSERT INTO users(`login`,`password`,email,ID) VALUES ("Alanna29","yE8nvpgzrYIuVX1","hfzF8dOoDgWflHt",15);
INSERT INTO users(`login`,`password`,email,ID) VALUES ("Luna72","ITSY5QZITr9GvpB","PZtdTgHMdSSAcN1",16);
INSERT INTO users(`login`,`password`,email,ID) VALUES ("Rashad10","5sq6dLPQCI9IsM1","OCogOLGgkAkqrPZ",17);
INSERT INTO users(`login`,`password`,email,ID) VALUES ("Ole_Casper","t0Lph3vJEPQbJqu","ij4Hebtwb0qWXnh",18);
INSERT INTO users(`login`,`password`,email,ID) VALUES ("Rhett_Rogahn27","yqNBLATj1tmUyJ5","cw1bx_8K5LcXGrh",19);
INSERT INTO users(`login`,`password`,email,ID) VALUES ("Adell8","ZKx1bZHMEGAZjyY","_7CqH6XiSgSciRl",20);
INSERT INTO users(`login`,`password`,email,ID) VALUES ("Alvina18","jfNEVkpCTes0IS7","Ue0PRJCADZhiju8",21);
INSERT INTO users(`login`,`password`,email,ID) VALUES ("Norbert_Goldner","lkzE193RKLm6gyI","Y2Vi_QRxUxIAVkT",22);
INSERT INTO users(`login`,`password`,email,ID) VALUES ("Vince.Klein","d01jkIxusGrLMKr","oD2K_imdJKSXd4G",23);
INSERT INTO users(`login`,`password`,email,ID) VALUES ("Braxton11","gPq5HO3IyykIPVm","EPL77i5oMPAFsis",24);
INSERT INTO users(`login`,`password`,email,ID) VALUES ("Kiara_Schuppe","F4PofD9gUfHYPeR","GqdEZREiPlwXMSt",25);
INSERT INTO users(`login`,`password`,email,ID) VALUES ("Vernon_Wintheiser29","8w_J_dGrNJnH2lx","LzJO7gLgNpMt93K",26);
INSERT INTO users(`login`,`password`,email,ID) VALUES ("Arvid.Braun31","d8ZE4IBbVAXzTz4","NXrVe5e8zf8QzS2",27);
INSERT INTO users(`login`,`password`,email,ID) VALUES ("Margarita64","6QVbp_82dv7JNy_","WbycOrPCa21gvzN",28);
INSERT INTO users(`login`,`password`,email,ID) VALUES ("Wilmer_Senger91","YjRm3AMQ_n8sN_i","zzuGTYi2G1FMchf",29);
INSERT INTO users(`login`,`password`,email,ID) VALUES ("Nadia2","hEXQRJo44oXW0Sg","YepeX_xWGDxSu14",30);
INSERT INTO users(`login`,`password`,email,ID) VALUES ("Bryana.Murphy","gJUDV9WD69GQAUf","4OfDm26esS0Jzeh",31);
INSERT INTO users(`login`,`password`,email,ID) VALUES ("Darrion8","npJWuLreZfhNnyZ","FZBEeeQgxs5pnuY",32);
INSERT INTO users(`login`,`password`,email,ID) VALUES ("Chanelle.Fadel23","iCcFiLaD_ZJ9EPZ","G49_mYOemLmZUbD",33);
INSERT INTO users(`login`,`password`,email,ID) VALUES ("Horacio0","nox7qAOGQrlaoIz","035o2xkOJ1VcRTj",34);
INSERT INTO users(`login`,`password`,email,ID) VALUES ("Ladarius90","HuIeB7xLSvO0sz1","hfhpkTBxcK7U2Go",35);
INSERT INTO users(`login`,`password`,email,ID) VALUES ("Brannon_Klein55","c50IGidYVxyDMhp","qhWNTiMYiPZecV9",36);
INSERT INTO users(`login`,`password`,email,ID) VALUES ("Willa17","K3aygOc8MZ5TF4d","UJOrx4L6LezCI9N",37);
INSERT INTO users(`login`,`password`,email,ID) VALUES ("Armand.Howe","G7XdtxMgEpsTGSm","O_jrLe7X9YbyKOA",38);
INSERT INTO users(`login`,`password`,email,ID) VALUES ("Drake4","LJ4e960PRG_wtfq","U7nbCs7SKeVeYar",39);
INSERT INTO users(`login`,`password`,email,ID) VALUES ("Maurine27","1pqd4p1fomRtMRO","nqBu0zSzShKVhj2",40);
INSERT INTO users(`login`,`password`,email,ID) VALUES ("Erich40","26eWtTROfp7jEAb","6lz8SVd_DN6NiBg",41);
INSERT INTO users(`login`,`password`,email,ID) VALUES ("Burnice_Bergstrom","pBY4GmwwkEb5G7x","TC6j7bympQ53VTF",42);
INSERT INTO users(`login`,`password`,email,ID) VALUES ("Bennett.Harris7","P_xSM3nY8XoUD86","X0DCVuM1xkuXh3X",43);
INSERT INTO users(`login`,`password`,email,ID) VALUES ("Cole89","YlJZEyAvcnfaih4","iIRk7yk9k_b5Yxs",44);
INSERT INTO users(`login`,`password`,email,ID) VALUES ("Lenna.Armstrong","v0ZoXTEX3X_eIYC","KFYR3mlwKg2cZbx",45);
INSERT INTO users(`login`,`password`,email,ID) VALUES ("Margarette_Metz73","4kWR571PLxY9JAC","sFfqQfe9svBxfFb",46);
INSERT INTO users(`login`,`password`,email,ID) VALUES ("Wava64","98p1ZoLvQeqecXU","Q72iH8DqvYx3Yh6",47);
INSERT INTO users(`login`,`password`,email,ID) VALUES ("Bailee_Emmerich","QzPiBxx1TrIo6XF","F7Ovz5oPPajmr_K",48);
INSERT INTO users(`login`,`password`,email,ID) VALUES ("Cornell15","DDKWkQjS7P1N8hB","jV8SLCWftFMW4vd",49);
INSERT INTO users(`login`,`password`,email,ID) VALUES ("Michele_Simonis","mlt4FGblR93iPsi","FP8eETKPKIV4fuP",50);
INSERT INTO users(`login`,`password`,email,ID) VALUES ("Annabell8","k5uDOCujpNe1j9Q","KuwaY1ndWbeU8kJ",51);
INSERT INTO users(`login`,`password`,email,ID) VALUES ("Eve.Lehner","8Z3vYvYMDWdmCWI","M4PHStWt3u2gIus",52);
INSERT INTO users(`login`,`password`,email,ID) VALUES ("Joshuah15","ZmEXUul2cZG9EyP","MDB4yvBMOFxyZCt",53);
INSERT INTO users(`login`,`password`,email,ID) VALUES ("Maryse64","TwOSV8IhhVcmp7I","5YeO3WrT1EicCP6",54);
INSERT INTO users(`login`,`password`,email,ID) VALUES ("Katelynn_Stracke65","6Crl7QK8y1SjPUW","eq5XaWEvVOMHl6O",55);
INSERT INTO users(`login`,`password`,email,ID) VALUES ("Myrtis_Turner","kK_DR4ABuzYkuDD","rXlasUHdCfY8smg",56);
INSERT INTO users(`login`,`password`,email,ID) VALUES ("Jada_Abshire41","t8lnEJf_kPSGhkN","PxsWaJUsTecGcOF",57);
INSERT INTO users(`login`,`password`,email,ID) VALUES ("Pinkie38","F3ToaQuOxxpIhZu","E2WbKOpxmKkVcP0",58);
INSERT INTO users(`login`,`password`,email,ID) VALUES ("Adolfo_Brekke","Mbx_XvkGnvqpdH_","9ACjN6ETrgYGELS",59);
INSERT INTO users(`login`,`password`,email,ID) VALUES ("Tamara40","X19eRSZsbLL4Zf2","Zn2Cldgc5aXy9bw",60);
INSERT INTO users(`login`,`password`,email,ID) VALUES ("Theresia78","Vjyf6w4eRlbug0P","tp71iiXYttE8B_N",61);
INSERT INTO users(`login`,`password`,email,ID) VALUES ("Orin.Leannon4","pA0Y_FcZ72Pcu1M","lKsFr6JdHWVOESV",62);
INSERT INTO users(`login`,`password`,email,ID) VALUES ("Shana32","_T1JzGlZIw_wh9P","QOuosNGXusB_OiB",63);
INSERT INTO users(`login`,`password`,email,ID) VALUES ("Jake.Kohler75","GUnxRiAuRPT4kS8","N_yzNMV0zPrg4sV",64);
INSERT INTO users(`login`,`password`,email,ID) VALUES ("Aniya.Gorczany","FyNWOkbWKCa1h8g","tOgOoCXIELkZNjx",65);
INSERT INTO users(`login`,`password`,email,ID) VALUES ("Fritz12","T1WmH_FjqcBi6kO","4DDagkvozSVHJYg",66);
INSERT INTO users(`login`,`password`,email,ID) VALUES ("Deborah32","xCBD2Rjh14Qja6q","3jeagAuR7FmZoW5",67);
INSERT INTO users(`login`,`password`,email,ID) VALUES ("Leann_Schuppe55","R2FMGdS5UUlPtss","JJTbWAB8KCnmfW1",68);
INSERT INTO users(`login`,`password`,email,ID) VALUES ("Vern3","IzYh8o46ENT_yEC","IczCwW3neMTsenM",69);
INSERT INTO users(`login`,`password`,email,ID) VALUES ("Elliot1","4Wh2I9wBF3gmPzb","JkvdfNnioKo_b5f",70);
INSERT INTO users(`login`,`password`,email,ID) VALUES ("Fiona55","20TNnMMLsXWkrg6","MsENm7IBDoFfWZi",71);
INSERT INTO users(`login`,`password`,email,ID) VALUES ("Donato_Wunsch","eMEh6LwerpLgaKj","JJ3TQ4nwO6Qn59l",72);
INSERT INTO users(`login`,`password`,email,ID) VALUES ("Christian65","Zg4f5J_Mos4FGFc","bEuvzzlPxrtVGCj",73);
INSERT INTO users(`login`,`password`,email,ID) VALUES ("Myrtle_Kirlin4","YqSmEJfoBiaKAy5","WcLlpexQLQG6cFl",74);
INSERT INTO users(`login`,`password`,email,ID) VALUES ("Bernardo77","z0vwaXjs9RKZPIc","oph8ZI8upZIzyuJ",75);
INSERT INTO users(`login`,`password`,email,ID) VALUES ("Giovani36","WQLjvbmXKn56eCS","NxIeYQst_raXqwP",76);
INSERT INTO users(`login`,`password`,email,ID) VALUES ("Barton50","ptXdgK9SruhyE25","lXAG_Noi0KX1wWW",77);
INSERT INTO users(`login`,`password`,email,ID) VALUES ("Wanda.Nienow57","EBLIm8I4b1OgfsG","Gjhrwewjp74e_Q1",78);
INSERT INTO users(`login`,`password`,email,ID) VALUES ("Constance_Stark86","O1JW7nHUf7pDTjl","B7rmCVc9xSaTJLV",79);
INSERT INTO users(`login`,`password`,email,ID) VALUES ("Matt.Wiegand","oQLPzg6NRheR0wT","qX35U2ZQL8wvh4Z",80);
INSERT INTO users(`login`,`password`,email,ID) VALUES ("Leland_Schaefer69","W0bC5cMSWDOqpGI","Xb3tKbsaVa0m8Yi",81);
INSERT INTO users(`login`,`password`,email,ID) VALUES ("Titus_Doyle","q4URnPqSDpS322F","6klTr_aHA9Jwdb8",82);
INSERT INTO users(`login`,`password`,email,ID) VALUES ("Gwendolyn_Heller98","XDeeg9J4vgODBEu","jzPYAUIwYf7C9S_",83);
INSERT INTO users(`login`,`password`,email,ID) VALUES ("Breanne_Weissnat","LanIW2sBAjxEKod","yWs2B2AFJegBczR",84);
INSERT INTO users(`login`,`password`,email,ID) VALUES ("Llewellyn4","h5yu9NN80ox_wao","m7MWufgksVU1Ftm",85);
INSERT INTO users(`login`,`password`,email,ID) VALUES ("Penelope_Hamill","IpLKsij08tLFHhL","8prJhXhba1crkU5",86);
INSERT INTO users(`login`,`password`,email,ID) VALUES ("Xander_Feest","OZ_fy2F5GfdXOjQ","K2f8YMt_KNsosBi",87);
INSERT INTO users(`login`,`password`,email,ID) VALUES ("Yadira.Ledner","mEKcY1KxHJRQmX8","BifAGJqSzCKOioG",88);
INSERT INTO users(`login`,`password`,email,ID) VALUES ("Linnea.Stehr43","FbSbXcOlkZBYYsu","OoAz47waF5C50RW",89);
INSERT INTO users(`login`,`password`,email,ID) VALUES ("Mavis33","S7VKFMbKZ5UFCn9","xywLbQxlnkf3aGN",90);
INSERT INTO users(`login`,`password`,email,ID) VALUES ("Clement_Hoeger74","qJbGyyMQ8ETS6jJ","ABFwKsy9plvYgRs",91);
INSERT INTO users(`login`,`password`,email,ID) VALUES ("Shirley_Parker","prQM3uUuN7qNQGS","rkifUB_y9COw1MZ",92);
INSERT INTO users(`login`,`password`,email,ID) VALUES ("Heaven.Roob29","UNXrN34q949BNDg","SmbbmNOyiGkDjPe",93);
INSERT INTO users(`login`,`password`,email,ID) VALUES ("Maxie68","mfj2LW8SCv8DZus","XVMth8CYI4qL2X2",94);
INSERT INTO users(`login`,`password`,email,ID) VALUES ("Cassidy_Connelly24","OuQHWMRgAjXRQjk","mv0OTXACfIBOyiF",95);
INSERT INTO users(`login`,`password`,email,ID) VALUES ("Aaron81","mghW1nVSfcGNTBA","ovNzQ9p5PZgScvA",96);
INSERT INTO users(`login`,`password`,email,ID) VALUES ("Elroy57","hfiCTTkXI_uXv7s","QfTuWq9AkmSgN6Q",97);
INSERT INTO users(`login`,`password`,email,ID) VALUES ("Eldridge_Greenfelder16","cGcpWee1dzlD1LC","FlJzizAhEEhxabD",98);
INSERT INTO users(`login`,`password`,email,ID) VALUES ("Guy_King","fROPIvLSVwNhnN1","9yEZFtsAJmHJM4m",99);
-- clients
INSERT INTO clients(`name`,`surname`,`patronymic`,`phone`,`users_ID`) VALUES ("Itzel","Bergstrom","Heaney","814-181-8828",1);
INSERT INTO clients(`name`,`surname`,`patronymic`,`phone`,`users_ID`) VALUES ("Domingo","Olson","Berge","799-967-5464",2);
INSERT INTO clients(`name`,`surname`,`patronymic`,`phone`,`users_ID`) VALUES ("Frances","Rath","Okuneva","864-053-8992",3);
INSERT INTO clients(`name`,`surname`,`patronymic`,`phone`,`users_ID`) VALUES ("Dorthy","Cruickshank","Davis","427-434-9432",4);
INSERT INTO clients(`name`,`surname`,`patronymic`,`phone`,`users_ID`) VALUES ("Nestor","McKenzie","Padberg","328-686-4650",5);
INSERT INTO clients(`name`,`surname`,`patronymic`,`phone`,`users_ID`) VALUES ("Amos","Kautzer","Heaney","516-535-2915",6);
INSERT INTO clients(`name`,`surname`,`patronymic`,`phone`,`users_ID`) VALUES ("Caitlyn","Fisher","Grimes","658-868-3522",7);
INSERT INTO clients(`name`,`surname`,`patronymic`,`phone`,`users_ID`) VALUES ("Kendra","Jast","Price","456-128-3698",8);
INSERT INTO clients(`name`,`surname`,`patronymic`,`phone`,`users_ID`) VALUES ("Clifton","Terry","Carroll","482-688-1205",9);
INSERT INTO clients(`name`,`surname`,`patronymic`,`phone`,`users_ID`) VALUES ("Rachel","Fritsch","Kuphal","110-293-1812",10);
INSERT INTO clients(`name`,`surname`,`patronymic`,`phone`,`users_ID`) VALUES ("Emilio","Lind","Dooley","851-602-3356",11);
INSERT INTO clients(`name`,`surname`,`patronymic`,`phone`,`users_ID`) VALUES ("Jaden","Rath","Osinski","774-549-8522",12);
INSERT INTO clients(`name`,`surname`,`patronymic`,`phone`,`users_ID`) VALUES ("Roger","Murphy","Wolf","334-250-1079",13);
INSERT INTO clients(`name`,`surname`,`patronymic`,`phone`,`users_ID`) VALUES ("Nicolette","Grant","Kozey","606-986-5566",14);
INSERT INTO clients(`name`,`surname`,`patronymic`,`phone`,`users_ID`) VALUES ("Lucio","Bosco","Kuhic","219-650-1048",15);
INSERT INTO clients(`name`,`surname`,`patronymic`,`phone`,`users_ID`) VALUES ("Austin","Lebsack","Langosh","694-336-4324",16);
INSERT INTO clients(`name`,`surname`,`patronymic`,`phone`,`users_ID`) VALUES ("Reymundo","Langworth","Wolff","226-202-4221",17);
INSERT INTO clients(`name`,`surname`,`patronymic`,`phone`,`users_ID`) VALUES ("Ian","Shields","Kunde","020-651-5275",18);
INSERT INTO clients(`name`,`surname`,`patronymic`,`phone`,`users_ID`) VALUES ("Juliet","Rowe","O'Kon","587-867-5671",19);
INSERT INTO clients(`name`,`surname`,`patronymic`,`phone`,`users_ID`) VALUES ("Dorris","Becker","Will","329-316-1939",20);
INSERT INTO clients(`name`,`surname`,`patronymic`,`phone`,`users_ID`) VALUES ("Alene","Braun","Marquardt","555-594-5611",21);
INSERT INTO clients(`name`,`surname`,`patronymic`,`phone`,`users_ID`) VALUES ("Nicolas","Johnson","Schmitt","345-170-9177",22);
INSERT INTO clients(`name`,`surname`,`patronymic`,`phone`,`users_ID`) VALUES ("Haven","Gislason","DuBuque","906-752-2346",23);
INSERT INTO clients(`name`,`surname`,`patronymic`,`phone`,`users_ID`) VALUES ("Keira","Pfannerstill","Walter","564-873-8307",24);
INSERT INTO clients(`name`,`surname`,`patronymic`,`phone`,`users_ID`) VALUES ("Antoinette","Lind","Ruecker","881-916-0201",25);
INSERT INTO clients(`name`,`surname`,`patronymic`,`phone`,`users_ID`) VALUES ("Deangelo","Gerhold","Parisian","954-246-1210",26);
INSERT INTO clients(`name`,`surname`,`patronymic`,`phone`,`users_ID`) VALUES ("Davon","Ferry","Ankunding","542-113-5481",27);
INSERT INTO clients(`name`,`surname`,`patronymic`,`phone`,`users_ID`) VALUES ("Una","Swaniawski","Russel","024-201-8051",28);
INSERT INTO clients(`name`,`surname`,`patronymic`,`phone`,`users_ID`) VALUES ("Harold","Ziemann","Pagac","839-249-3308",29);
INSERT INTO clients(`name`,`surname`,`patronymic`,`phone`,`users_ID`) VALUES ("Alvis","Lockman","Abshire","200-839-2184",30);
INSERT INTO clients(`name`,`surname`,`patronymic`,`phone`,`users_ID`) VALUES ("Gwen","Ryan","Ferry","764-857-0578",31);
INSERT INTO clients(`name`,`surname`,`patronymic`,`phone`,`users_ID`) VALUES ("Adelle","Morar","Larkin","933-845-7174",32);
INSERT INTO clients(`name`,`surname`,`patronymic`,`phone`,`users_ID`) VALUES ("Cameron","Prosacco","Jast","212-347-2003",33);
INSERT INTO clients(`name`,`surname`,`patronymic`,`phone`,`users_ID`) VALUES ("Brenna","Harber","Satterfield","215-326-8103",34);
INSERT INTO clients(`name`,`surname`,`patronymic`,`phone`,`users_ID`) VALUES ("Vincenzo","Prosacco","Daniel","678-353-2062",35);
INSERT INTO clients(`name`,`surname`,`patronymic`,`phone`,`users_ID`) VALUES ("Margaretta","Spencer","Pfeffer","952-067-0230",36);
INSERT INTO clients(`name`,`surname`,`patronymic`,`phone`,`users_ID`) VALUES ("Letha","Walker","Hamill","312-505-3661",37);
INSERT INTO clients(`name`,`surname`,`patronymic`,`phone`,`users_ID`) VALUES ("Elenor","Kunze","Kub","745-238-5185",38);
INSERT INTO clients(`name`,`surname`,`patronymic`,`phone`,`users_ID`) VALUES ("Jadon","Strosin","Turcotte","696-067-8112",39);
INSERT INTO clients(`name`,`surname`,`patronymic`,`phone`,`users_ID`) VALUES ("Felipa","Botsford","Hamill","076-654-1125",40);
INSERT INTO clients(`name`,`surname`,`patronymic`,`phone`,`users_ID`) VALUES ("Earnestine","Bashirian","Kilback","128-358-5611",41);
INSERT INTO clients(`name`,`surname`,`patronymic`,`phone`,`users_ID`) VALUES ("Einar","Toy","Kirlin","506-555-0596",42);
INSERT INTO clients(`name`,`surname`,`patronymic`,`phone`,`users_ID`) VALUES ("Garth","Jenkins","Doyle","589-056-7228",43);
INSERT INTO clients(`name`,`surname`,`patronymic`,`phone`,`users_ID`) VALUES ("Alex","Beer","Larkin","363-290-0242",44);
INSERT INTO clients(`name`,`surname`,`patronymic`,`phone`,`users_ID`) VALUES ("Mollie","Herzog","White","321-700-9625",45);
INSERT INTO clients(`name`,`surname`,`patronymic`,`phone`,`users_ID`) VALUES ("Rosanna","Veum","Hartmann","662-143-7162",46);
INSERT INTO clients(`name`,`surname`,`patronymic`,`phone`,`users_ID`) VALUES ("Kacey","Wolff","Haag","027-284-1942",47);
INSERT INTO clients(`name`,`surname`,`patronymic`,`phone`,`users_ID`) VALUES ("Kolby","Corwin","McLaughlin","218-404-3180",48);
INSERT INTO clients(`name`,`surname`,`patronymic`,`phone`,`users_ID`) VALUES ("Jarrell","Halvorson","Veum","823-696-4884",49);
INSERT INTO clients(`name`,`surname`,`patronymic`,`phone`,`users_ID`) VALUES ("Kamryn","Friesen","Gerlach","362-733-1870",50);
INSERT INTO clients(`name`,`surname`,`patronymic`,`phone`,`users_ID`) VALUES ("Lily","Witting","Rice","601-173-1845",51);
INSERT INTO clients(`name`,`surname`,`patronymic`,`phone`,`users_ID`) VALUES ("Judah","Hane","Lakin","580-413-6252",52);
INSERT INTO clients(`name`,`surname`,`patronymic`,`phone`,`users_ID`) VALUES ("Janice","Koss","Koelpin","209-913-6644",53);
INSERT INTO clients(`name`,`surname`,`patronymic`,`phone`,`users_ID`) VALUES ("Rusty","Lubowitz","Daugherty","333-966-8311",54);
INSERT INTO clients(`name`,`surname`,`patronymic`,`phone`,`users_ID`) VALUES ("Robyn","Doyle","Auer","464-926-2898",55);
INSERT INTO clients(`name`,`surname`,`patronymic`,`phone`,`users_ID`) VALUES ("Unique","Bauch","Douglas","149-208-5344",56);
INSERT INTO clients(`name`,`surname`,`patronymic`,`phone`,`users_ID`) VALUES ("Hudson","Harris","Huels","293-610-7707",57);
INSERT INTO clients(`name`,`surname`,`patronymic`,`phone`,`users_ID`) VALUES ("Boyd","Considine","Schroeder","857-094-1775",58);
INSERT INTO clients(`name`,`surname`,`patronymic`,`phone`,`users_ID`) VALUES ("Narciso","Thiel","Grimes","538-934-4096",59);
INSERT INTO clients(`name`,`surname`,`patronymic`,`phone`,`users_ID`) VALUES ("Donald","Howe","Bartoletti","870-675-3509",60);
INSERT INTO clients(`name`,`surname`,`patronymic`,`phone`,`users_ID`) VALUES ("Sarah","Lakin","Hand","310-742-4274",61);
INSERT INTO clients(`name`,`surname`,`patronymic`,`phone`,`users_ID`) VALUES ("Samara","Ledner","Rau","753-908-3688",62);
INSERT INTO clients(`name`,`surname`,`patronymic`,`phone`,`users_ID`) VALUES ("Jayce","Douglas","Flatley","902-790-5264",63);
INSERT INTO clients(`name`,`surname`,`patronymic`,`phone`,`users_ID`) VALUES ("Rahsaan","Gaylord","Mann","405-327-6216",64);
INSERT INTO clients(`name`,`surname`,`patronymic`,`phone`,`users_ID`) VALUES ("Garret","Bogan","Rogahn","659-658-9777",65);
INSERT INTO clients(`name`,`surname`,`patronymic`,`phone`,`users_ID`) VALUES ("Meaghan","Hahn","Schneider","283-081-7598",66);
INSERT INTO clients(`name`,`surname`,`patronymic`,`phone`,`users_ID`) VALUES ("Heather","Lebsack","Grant","896-278-4739",67);
INSERT INTO clients(`name`,`surname`,`patronymic`,`phone`,`users_ID`) VALUES ("Otho","Hudson","Leuschke","390-033-1033",68);
INSERT INTO clients(`name`,`surname`,`patronymic`,`phone`,`users_ID`) VALUES ("Everett","Romaguera","Lynch","996-750-8412",69);
INSERT INTO clients(`name`,`surname`,`patronymic`,`phone`,`users_ID`) VALUES ("Jimmy","Wolff","Ruecker","300-692-2499",70);
INSERT INTO clients(`name`,`surname`,`patronymic`,`phone`,`users_ID`) VALUES ("Helene","Parisian","Ratke","392-521-0275",71);
INSERT INTO clients(`name`,`surname`,`patronymic`,`phone`,`users_ID`) VALUES ("Belle","Nolan","Lehner","370-344-6612",72);
INSERT INTO clients(`name`,`surname`,`patronymic`,`phone`,`users_ID`) VALUES ("Abigayle","Fahey","Hartmann","872-309-0770",73);
INSERT INTO clients(`name`,`surname`,`patronymic`,`phone`,`users_ID`) VALUES ("Aniyah","Kirlin","Koelpin","061-996-5334",74);
INSERT INTO clients(`name`,`surname`,`patronymic`,`phone`,`users_ID`) VALUES ("Myles","Weber","Dicki","389-645-6834",75);
INSERT INTO clients(`name`,`surname`,`patronymic`,`phone`,`users_ID`) VALUES ("Sabrina","Lebsack","Daugherty","415-895-9150",76);
INSERT INTO clients(`name`,`surname`,`patronymic`,`phone`,`users_ID`) VALUES ("Antwon","Mante","Sipes","393-824-4862",77);
INSERT INTO clients(`name`,`surname`,`patronymic`,`phone`,`users_ID`) VALUES ("Ernest","Wolf","White","278-501-1612",78);
INSERT INTO clients(`name`,`surname`,`patronymic`,`phone`,`users_ID`) VALUES ("Jeanne","Koelpin","Johnson","758-061-9228",79);
INSERT INTO clients(`name`,`surname`,`patronymic`,`phone`,`users_ID`) VALUES ("Chaz","Pagac","Osinski","982-250-4661",80);
INSERT INTO clients(`name`,`surname`,`patronymic`,`phone`,`users_ID`) VALUES ("Earnest","Kuhic","Swaniawski","178-184-2228",81);
INSERT INTO clients(`name`,`surname`,`patronymic`,`phone`,`users_ID`) VALUES ("Gene","Grady","Welch","425-751-9113",82);
INSERT INTO clients(`name`,`surname`,`patronymic`,`phone`,`users_ID`) VALUES ("Savion","Aufderhar","Welch","161-597-6440",83);
INSERT INTO clients(`name`,`surname`,`patronymic`,`phone`,`users_ID`) VALUES ("Lois","Johnston","Parisian","816-813-9717",84);
INSERT INTO clients(`name`,`surname`,`patronymic`,`phone`,`users_ID`) VALUES ("Moshe","Strosin","Howe","562-660-1785",85);
INSERT INTO clients(`name`,`surname`,`patronymic`,`phone`,`users_ID`) VALUES ("Kaya","Ledner","Stehr","108-772-9624",86);
INSERT INTO clients(`name`,`surname`,`patronymic`,`phone`,`users_ID`) VALUES ("Pamela","Kohler","Schinner","180-539-5649",87);
INSERT INTO clients(`name`,`surname`,`patronymic`,`phone`,`users_ID`) VALUES ("Sarina","Heaney","Schuppe","705-201-4965",88);
INSERT INTO clients(`name`,`surname`,`patronymic`,`phone`,`users_ID`) VALUES ("Carlos","Schultz","Hyatt","912-891-6941",89);
INSERT INTO clients(`name`,`surname`,`patronymic`,`phone`,`users_ID`) VALUES ("Beulah","Rodriguez","Doyle","196-647-7617",90);
INSERT INTO clients(`name`,`surname`,`patronymic`,`phone`,`users_ID`) VALUES ("Korey","Koss","Auer","255-283-4397",91);
INSERT INTO clients(`name`,`surname`,`patronymic`,`phone`,`users_ID`) VALUES ("Lenore","Bergnaum","Steuber","794-272-6678",92);
INSERT INTO clients(`name`,`surname`,`patronymic`,`phone`,`users_ID`) VALUES ("Tre","Ferry","Ward","277-190-7569",93);
INSERT INTO clients(`name`,`surname`,`patronymic`,`phone`,`users_ID`) VALUES ("Randal","White","Wolf","415-729-5423",94);
INSERT INTO clients(`name`,`surname`,`patronymic`,`phone`,`users_ID`) VALUES ("Omari","Pouros","Padberg","149-548-3958",95);
INSERT INTO clients(`name`,`surname`,`patronymic`,`phone`,`users_ID`) VALUES ("Carolanne","Blanda","Roberts","186-065-7051",96);
INSERT INTO clients(`name`,`surname`,`patronymic`,`phone`,`users_ID`) VALUES ("Kendrick","Harvey","Grimes","099-158-4038",97);
INSERT INTO clients(`name`,`surname`,`patronymic`,`phone`,`users_ID`) VALUES ("Winfield","Hintz","Corkery","439-609-4032",98);
INSERT INTO clients(`name`,`surname`,`patronymic`,`phone`,`users_ID`) VALUES ("Furman","Price","Runolfsson","165-344-5036",99);

-- tickets

INSERT INTO tickets(fly_cost, clients_users_ID, lagage_capacity, VIP, current_flight_ID)
VALUES (700,1,2,0,1);
INSERT INTO tickets(fly_cost, clients_users_ID, lagage_capacity, VIP, current_flight_ID)
VALUES (500,2,2,0,1);
INSERT INTO tickets(fly_cost, clients_users_ID, lagage_capacity, VIP, current_flight_ID)
VALUES (400,3,0,1,3);
INSERT INTO tickets(fly_cost, clients_users_ID, lagage_capacity, VIP, current_flight_ID)
VALUES (500,4,2,0,4);
INSERT INTO tickets(fly_cost, clients_users_ID, lagage_capacity, VIP, current_flight_ID)
VALUES (700,5,1,1,4);
